0 Garant-Ecological-Milk-Medium-Fat clean-images/Packages/Garant-Ecological-Milk-Medium-Fat/Garant-Ecological-Milk-Medium-Fat_Clean.jpg 
1 Alpro-Soyghurt-Blueberry clean-images/Packages/Alpro-Soyghurt-Blueberry/Alpro-Soyghurt-Blueberry_Clean.jpg 
2 Arla-Ecological-Milk-Medium-Fat clean-images/Packages/Arla-Ecological-Milk-Medium-Fat/Arla-Ecological-Milk-Medium-Fat_Clean.jpg 
3 Tropicana-Golden-Grapefruit clean-images/Packages/Tropicana-Golden-Grapefruit/Tropicana-Golden-Grapefruit_Clean.jpg 
4 Oatly-Oat-Milk clean-images/Packages/Oatly-Oat-Milk/Oatly-Oat-Milk_Clean.jpg 
5 Arla-Lactose-Milk-Medium-Fat clean-images/Packages/Arla-Lactose-Milk-Medium-Fat/Arla-Lactose-Milk-Medium-Fat_Clean.jpg 
6 Tropicana-Apple-Juice clean-images/Packages/Tropicana-Apple-Juice/Tropicana-Apple-Juice_Clean.jpg 
7 God-Morgon-Orange-Juice clean-images/Packages/God-Morgon-Orange-Juice/God-Morgon-Orange-Juice_Clean.jpg 
8 God-Morgon-Orange-Red-Grapefruit-Juice clean-images/Packages/God-Morgon-Orange-Red-Grapefruit-Juice/God-Morgon-Orange-Red-Grapefruit-Juice_Clean.jpg 
9 Valio-Vanilla-Yoghurt clean-images/Packages/Valio-Vanilla-Yoghurt/Valio-Vanilla-Yoghurt_Clean.jpg 
10 Alpro-Soy-Milk-Shelf clean-images/Packages/Alpro-Soy-Milk-Shelf/Alpro-Soy-Milk-Shelf_Clean.jpg 
11 Tropicana-Juice-Smooth clean-images/Packages/Tropicana-Juice-Smooth/Tropicana-Juice-Smooth_Clean.jpg 
12 Arla-Ecological-Sour-Cream clean-images/Packages/Arla-Ecological-Sour-Cream/Arla-Ecological-Sour-Cream_Clean.jpg 
13 Alpro-Soy-Milk-Fresh clean-images/Packages/Alpro-Soy-Milk-Fresh/Alpro-Soy-Milk-Fresh_Clean.jpg 
14 Garant-Ecological-Milk-Standard clean-images/Packages/Garant-Ecological-Milk-Standard/Garant-Ecological-Milk-Standard_Clean.jpg 
15 Arla-Natural-Mild-Yoghurt-Low-Fat clean-images/Packages/Arla-Natural-Mild-Yoghurt-Low-Fat/Arla-Natural-Mild-Yoghurt-Low-Fat_Clean.jpg 
16 Yoggi-Vanilla-Yoghurt clean-images/Packages/Yoggi-Vanilla-Yoghurt/Yoggi-Vanilla-Yoghurt_Clean.jpg 
17 Alpro-Soyghurt-Vanilla clean-images/Packages/Alpro-Soyghurt-Vanilla/Alpro-Soyghurt-Vanilla_Clean.jpg 
18 Arla-Sour-Cream clean-images/Packages/Arla-Sour-Cream/Arla-Sour-Cream_Clean.jpg 
19 God-Morgon-Apple-Juice clean-images/Packages/God-Morgon-Apple-Juice/God-Morgon-Apple-Juice_Clean.jpg 
20 Bravo-Apple-Juice clean-images/Packages/Bravo-Apple-Juice/Bravo-Apple-Juice_Clean.jpg 
21 Yoggi-Strawberry-Yoghurt clean-images/Packages/Yoggi-Strawberry-Yoghurt/Yoggi-Strawberry-Yoghurt_Clean.jpg 
22 Tropicana-Mandarin-Morning clean-images/Packages/Tropicana-Mandarin-Morning/Tropicana-Mandarin-Morning_Clean.jpg 
23 Arla-Milk-Medium-Fat clean-images/Packages/Arla-Milk-Medium-Fat/Arla-Milk-Medium-Fat_Clean.jpg 
24 Arla-Natural-Yoghurt clean-images/Packages/Arla-Natural-Yoghurt/Arla-Natural-Yoghurt_Clean.jpg 
25 Bravo-Orange-Juice clean-images/Packages/Bravo-Orange-Juice/Bravo-Orange-Juice_Clean.jpg 
26 Oatly-Natural-Yoghurt clean-images/Packages/Oatly-Natural-Yoghurt/Oatly-Natural-Yoghurt_Clean.jpg 
27 God-Morgon-Red-Grapefruit-Juice clean-images/Packages/God-Morgon-Red-Grapefruit-Juice/God-Morgon-Red-Grapefruit-Juice_Clean.jpg 
28 Arla-Sour-Milk clean-images/Packages/Arla-Sour-Milk/Arla-Sour-Milk_Clean.jpg 
29 Arla-Milk-Standard clean-images/Packages/Arla-Milk-Standard/Arla-Milk-Standard_Clean.jpg 
30 Arla-Mild-Yoghurt-Vanilla clean-images/Packages/Arla-Mild-Yoghurt-Vanilla/Arla-Mild-Yoghurt-Vanilla_Clean.jpg 
31 Zucchini clean-images/Vegetables/Zucchini/Zucchini_Clean.jpg 
32 Carrots clean-images/Vegetables/Carrots/Carrots_Clean.jpg 
33 Leek clean-images/Vegetables/Leek/Leek_Clean.jpg 
34 Orange-Pepper clean-images/Vegetables/Orange-Pepper/Orange-Pepper_Clean.jpg 
35 Yellow-Pepper clean-images/Vegetables/Yellow-Pepper/Yellow-Pepper_Clean.jpg 
36 Green-Pepper clean-images/Vegetables/Green-Pepper/Green-Pepper_Clean.jpg 
37 Asparagus clean-images/Vegetables/Asparagus/Asparagus_Clean.jpg 
38 Red-Beet clean-images/Vegetables/Red-Beet/Red-Beet_Clean.jpg 
39 Aubergine clean-images/Vegetables/Aubergine/Aubergine_Clean.jpg 
40 Cucumber clean-images/Vegetables/Cucumber/Cucumber_Clean.jpg 
41 Tomato-Beef clean-images/Vegetables/Tomato-Beef/Tomato-Beef_Clean.jpg 
42 Potato-Solid clean-images/Vegetables/Potato-Solid/Potato-Solid_Clean.jpg 
43 Red-Pepper clean-images/Vegetables/Red-Pepper/Red-Pepper_Clean.jpg 
44 Tomato-Vine clean-images/Vegetables/Tomato-Vine/Tomato-Vine_Clean.jpg 
45 Mushroom-Brown-Cap clean-images/Vegetables/Mushroom-Brown-Cap/Mushroom-Brown-Cap_Clean.jpg 
46 Potato-Sweet clean-images/Vegetables/Potato-Sweet/Potato-Sweet_Clean.jpg 
47 Garlic clean-images/Vegetables/Garlic/Garlic_Clean.jpg 
48 Potato-Floury clean-images/Vegetables/Potato-Floury/Potato-Floury_Clean.jpg 
49 Avocado clean-images/Vegetables/Avocado/Avocado_Clean.jpg 
50 Tomato-Regular clean-images/Vegetables/Tomato-Regular/Tomato-Regular_Clean.jpg 
51 Yellow-Onion clean-images/Vegetables/Yellow-Onion/Yellow-Onion_Clean.jpg 
52 Cabbage-White clean-images/Vegetables/Cabbage-White/Cabbage-White_Clean.jpg 
53 Ginger clean-images/Vegetables/Ginger/Ginger_Clean.jpg 
54 Golden-Delicious-Apple clean-images/Fruit/Golden-Delicious-Apple/Golden-Delicious-Apple_Clean.jpg 
55 Nectarine clean-images/Fruit/Nectarine/Nectarine_Clean.jpg 
56 Red-Grapefruit clean-images/Fruit/Red-Grapefruit/Red-Grapefruit_Clean.jpg 
57 Red-Delicious-Apple clean-images/Fruit/Red-Delicious-Apple/Red-Delicious-Apple_Clean.jpg 
58 Lime clean-images/Fruit/Lime/Lime_Clean.jpg 
59 Pineapple clean-images/Fruit/Pineapple/Pineapple_Clean.jpg 
60 Satsumas clean-images/Fruit/Satsumas/Satsumas_Clean.jpg 
61 Anjou-Pear clean-images/Fruit/Anjou-Pear/Anjou-Pear_Clean.jpg 
62 Kaiser-Pear clean-images/Fruit/Kaiser-Pear/Kaiser-Pear_Clean.jpg 
63 Water-Melon clean-images/Fruit/Water-Melon/Water-Melon_Clean.jpg 
64 Cantaloupe-Melon clean-images/Fruit/Cantaloupe-Melon/Cantaloupe-Melon_Clean.jpg 
65 Royal-Gala-Apple clean-images/Fruit/Royal-Gala-Apple/Royal-Gala-Apple_Clean.jpg 
66 Plum clean-images/Fruit/Plum/Plum_Clean.jpg 
67 Pink-Lady-Apple clean-images/Fruit/Pink-Lady-Apple/Pink-Lady-Apple_Clean.jpg 
68 Kiwi clean-images/Fruit/Kiwi/Kiwi_Clean.jpg 
69 Honeydew-Melon clean-images/Fruit/Honeydew-Melon/Honeydew-Melon_Clean.jpg 
70 Papaya clean-images/Fruit/Papaya/Papaya_Clean.jpg 
71 Passion-Fruit clean-images/Fruit/Passion-Fruit/Passion-Fruit_Clean.jpg 
72 Orange clean-images/Fruit/Orange/Orange_Clean.jpg 
73 Lemon clean-images/Fruit/Lemon/Lemon_Clean.jpg 
74 Pomegranate clean-images/Fruit/Pomegranate/Pomegranate_Clean.jpg 
75 Banana clean-images/Fruit/Banana/Banana_Clean.jpg 
76 Granny-Smith-Apple clean-images/Fruit/Granny-Smith-Apple/Granny-Smith-Apple_Clean.jpg 
77 Mango clean-images/Fruit/Mango/Mango_Clean.jpg 
78 Peach clean-images/Fruit/Peach/Peach_Clean.jpg 
79 Conference-Pear clean-images/Fruit/Conference-Pear/Conference-Pear_Clean.jpg 
80 Galia-Melon clean-images/Fruit/Galia-Melon/Galia-Melon_Clean.jpg 
